STT,Tác Giả,Link Bài Viết,Từ Khóa Khớp,Nội Dung Bài (Trích Đoạn),Link Group,Thời Gian Đăng,Thời Gian Cào
1,Nguyễn Mỹ Hiền,https://www.facebook.com/groups/jobITDaNang/posts/2735444200209934/,fresher,"[AVEPOINT CHIÊU MỘ FRESHER - JUNIOR TẠI ĐÀ NẴNG - HÀ NỘI]
 Mùa trăng này, mình đang còn thiếu khá nhiều cầu Fresher - Junior để phá cỗ, rước đèn và ăn bánh trung thu cùng.
Một số jobs đã về đích rồi, nhưng vẫn có nhiều jobs open đang open các bạn sinh viên mới ra trường để thử sức và training nha 
 ...",https://www.facebook.com/groups/jobITDaNang?locale=vi_VN,3 ngày,2026-09-14 13:31:48
2,Ngô Thuỳ Trang,https://www.facebook.com/groups/jobITDaNang/posts/2735428136878207/,"Thực tập sinh, thực tập, intern","VR360 TUYỂN DỤNG: KINH DOANH & BIÊN TẬP VIÊN NỘI DUNG VR (Có nhận Intern) 
 Bạn đam mê công nghệ 3D/VR/AR? Bạn muốn thử sức trong môi trường thực tế ảo cực chất? VR360 đang tìm kiếm đồng đội nhiệt huyết gia nhập team cho 2 vị trí ""hot"":
 CÁC VỊ TRÍ TUYỂN DỤNG:

 Chuyên viên / Thực tập sinh Kinh doan...",https://www.facebook.com/groups/jobITDaNang?locale=vi_VN,2 ngày,2026-09-14 13:31:51
3,Công Ty Tnhh Mtv Rgm Đà Nẵng,https://www.facebook.com/groups/jobITDaNang/posts/2738352053252482/,chưa có kinh nghiệm,"RGM TD: Nhân viên IT (Biết tiếng Trung)
------------------------
Làm việc tại: Công ty TNHH MTV RGM Đà Nẵng
MÔ TẢ CÔNG VIỆC:
Hỗ trợ các phần mềm cho nhà mày
Chưa có kinh nghiệm sẽ được đào tạo
QUYỀN LỢI:
- Chuyên cần tháng: 500.000
- Chuyên cần Qúy: 1.500.000
- Xăng xe: 200.000
- Con nhỏ, Thâm niên:...",https://www.facebook.com/groups/jobITDaNang?locale=vi_VN,,2026-09-14 13:32:07
4,Khanh Ly,https://www.facebook.com/groups/jobITDaNang/posts/2722773478143673/,fresher,"Viettel Peru (Bitel) Chiêu mộ FRESHER Kỹ sư Thiết kế & Triển khai Mạng Truyền dẫn
Team mình tìm kiếm 01 kỹ sư (open với các bạn mới tốt nghiệp) cho vị trí về thiết kế và triển khai mạng truyền dẫn tại. Bitel - thương hiệu của Viettel tại Peru, kinh doanh tại thị trường này từ năm 2014.
VỀ CÔNG VIỆC
...",https://www.facebook.com/groups/jobITDaNang?locale=vi_VN,,2026-09-14 13:33:22
5,Ho Thuy Trang,https://www.facebook.com/groups/jobITDaNang/posts/2716756185412069/,"thực tập, intern","𝗦𝗢𝗔𝗥𝗜𝗚 𝗩𝗜𝗘̣̂𝗧 𝗡𝗔𝗠 𝘁𝘂𝘆𝗲̂̉𝗻 𝗱𝘂̣𝗻𝗴:
Intern Flutter
𝐐𝐮𝐲𝐞̂̀𝐧 𝐥𝐨̛̣𝐢:
- Trợ cấp trong thời gian thực tập
- Mentor trực tiếp hướng dẫn và hỗ trợ trong quá trình làm việc
- Được đào tạo, tham gia dự án thực tế của công ty
- Môi trường làm việc năng động, hỗ trợ học tập và phát t...",https://www.facebook.com/groups/jobITDaNang?locale=vi_VN,3 tuần,2026-09-14 13:34:15
6,Truc Ly,https://www.facebook.com/groups/jobITDaNang/posts/2709027309518290/,chưa có kinh nghiệm,"FPT TELECOM TUYỂN DỤNG
NHÂN VIÊN KỸ THUẬT TRIỂN KHAI VÀ BẢO TRÌ DỊCH VỤ VIỄN THÔNG
 Khu vực làm việc:
Đà Nẵng
Quảng Nam: Núi Thành, Tam Kỳ, Thăng Bình, Hà Lam
 Thu nhập: 10 - 15 triệu/tháng
 MÔ TẢ CÔNG VIỆC
• Triển khai, bảo trì và xử lý sự cố dịch vụ Internet, Truyền hình FPT và các dịch vụ viễn th...",https://www.facebook.com/groups/jobITDaNang?locale=vi_VN,4 tuần,2026-09-14 13:34:29
7,Kim HR,https://www.facebook.com/groups/jobITDaNang/posts/2650040598750295/,"fresher, đào tạo từ đầu","CƠ HỘI CHO FRESHER SAP – ONBOARD 07/2026 

Đào tạo từ đầu – Dự án quốc tế – Làm việc tại Đà Nẵng
 Làm việc tại: FPT Complex, Nam Kỳ Khởi Nghĩa

 Thời gian: Full-time

 Dự kiến bắt đầu: 07/2026
Bạn mới tốt nghiệp hoặc đang muốn thử sức với SAP? Đây là cơ hội để tiếp cận một trong những hệ thống quản ...",https://www.facebook.com/groups/jobITDaNang?locale=vi_VN,,2026-09-14 13:34:47
8,Truc Ly,https://www.facebook.com/groups/jobITDaNang/posts/2713279315759756/,chưa có kinh nghiệm,"FPT TELECOM TUYỂN DỤNG
NHÂN VIÊN KỸ THUẬT TRIỂN KHAI VÀ BẢO TRÌ DỊCH VỤ VIỄN THÔNG
 Khu vực làm việc:
Đà Nẵng
Quảng Nam: Thăng Bình, Hà Lam
 Thu nhập: 10 - 25 triệu/tháng
 MÔ TẢ CÔNG VIỆC
• Triển khai, bảo trì và xử lý sự cố dịch vụ Internet, Truyền hình FPT và các dịch vụ viễn thông tại nhà khách h...",https://www.facebook.com/groups/jobITDaNang?locale=vi_VN,,2026-09-14 13:35:29
9,Ánh Phương Nguyễn,https://www.facebook.com/groups/vieclamcnttdanangnew/posts/38199855682993119/,"thực tập, internship","INTERNSHIP 2026 – SOLUTION CONSULTANT
 Bạn sẽ nhận được:
Thực tập 3 tháng trong môi trường Product, tham gia phân tích bài toán vận hành, thiết kế và xây dựng giải pháp cho doanh nghiệp.
Được đào tạo về Digital Operations, SaaS, Solution Development và No-code.
Trợ cấp 1.000.000đ/tháng.
Cơ hội trở t...",https://www.facebook.com/groups/vieclamcnttdanangnew?locale=vi_VN,,2026-09-14 13:36:09
10,Trần Chi,https://www.facebook.com/groups/vieclamcnttdanangnew/posts/38121917720786916/,"internship, fresher","Rikkeisoft đang open khóa Internship/Fresher
Các vị trí Developer, ưu tiên ứng viên có ngoại ngữ (EN/JP)
Apply tại Link: https://forms.gle/ssSadnpcGUX7Ra6T8
#Rikkeisoft #Internship #Japan #Global",https://www.facebook.com/groups/vieclamcnttdanangnew?locale=vi_VN,3 ngày,2026-09-14 13:36:36
11,Huynh Truc Phuong,https://www.facebook.com/groups/vieclamcnttdanangnew/posts/38152702127708475/,fresher,"HUMAN BRAIN GLOBAL - ĐÀ NẴNG
Đà Nẵng mưa gió thế này thay vì ra đường thì mọi người ở nhà tham khảo job và update CV, apply các job dưới đây của nhà HBG nha ạ:
 Scrum Master (Middle), 2+ yoe
 BrSE (Fresher), JLPT N2+
 IT Comtor (Middle), 2+ yoe, JLPT N2+
 Phúc lợi hấp dẫn + môi trường với nhiều dự á...",https://www.facebook.com/groups/vieclamcnttdanangnew?locale=vi_VN,,2026-09-14 13:36:57
12,Thu Thu,https://www.facebook.com/groups/vieclamcnttdanangnew/posts/38148837151428306/,chưa có kinh nghiệm,"𝐙𝐄𝐍𝐃𝐘 𝐑𝐄𝐀𝐋 𝐓𝐔𝐘𝐄̂̉𝐍 𝐃𝐔̣𝐍𝐆 𝐍𝐕 𝐊𝐈𝐍𝐇 𝐃𝐎𝐀𝐍𝐇 𝐍𝐇𝐀̀ Đ𝐀̂́𝐓 𝐓𝐇𝐎̂̉ 𝐂𝐔̛
𝒀𝒆̂𝒖 𝒄𝒂̂̀𝒖 𝒄𝒐̂𝒏𝒈 𝒗𝒊𝒆̣̂𝒄
- Nam, Nữ tuổi từ 22-35, sức khỏe tốt
- Tốt nghiệp từ Cao đẳng
- Giao tiếp tốt, có laptop và phương tiện đi lại
- Có kinh nghiệm là một lợi thế
𝑴𝒐̂ 𝒕𝒂̉ 𝒄𝒐̂𝒏...",https://www.facebook.com/groups/vieclamcnttdanangnew?locale=vi_VN,,2026-09-14 13:37:08
13,Nguyen Anh Dũng,https://www.facebook.com/groups/vieclamcnttdanangnew/posts/38147205421591479/,"Thực tập sinh, thực tập, không yêu cầu kinh nghiệm","[ĐÀ NẴNG] Tuyển dụng việc làm Thực Tập Sinh (KHÔNG YÊU CẦU KINH NGHIỆM)
 MÔ TẢ CÔNG VIỆC
Hỗ trợ đăng tải nội dung trên các nền tảng mạng xã hội và website.
Hỗ trợ chụp hình, quay video sản phẩm cơ bản.
Đón tiếp và tư vấn khách hàng.
Hỗ trợ tiếp nhận, kiểm tra, phân loại và xử lý hàng hoá.
Giữ gìn vệ...",https://www.facebook.com/groups/vieclamcnttdanangnew?locale=vi_VN,,2026-09-14 13:37:13
14,Trương Tuyền,https://www.facebook.com/groups/vieclamcnttdanangnew/posts/38099950586316963/,intern,"WE’RE HIRING | EMPLOYER BRANDING INTERN

Bạn thích content, truyền thông, sự kiện và hàng tá ý tưởng muốn biến thành hiện thực?
Bạn muốn một công việc không chỉ “đi làm để học việc”, mà thật sự được hands-on, thử sức và tạo ra những sản phẩm có thể đưa vào portfolio?
 Đây có thể là cơ hội dành cho b...",https://www.facebook.com/groups/vieclamcnttdanangnew?locale=vi_VN,3 ngày,2026-09-14 13:37:27
15,Hoài Linh,https://www.facebook.com/groups/vieclamcnttdanangnew/posts/38126090767036278/,"thực tập, intern, internship","[BAP HUẾ] INTERN INTERNSHIP 2026
MỘT JOB INTERN - CƠ HỘI THÀNH BAPers SAU 2-3 THÁNG TRAINING NÈ
Chỉ cần các bạn là
Sinh viên năm 3,4 / đã tốt nghiệp các ngành thuộc khối công nghệ thông tin/ kinh tế/ ngoại ngữ hoặc liên quan
Cẩn thận, tỉ mỉ trong công việc
Năng động, ham học hỏi
Khả năng thích nghi ...",https://www.facebook.com/groups/vieclamcnttdanangnew?locale=vi_VN,,2026-09-14 13:37:50
16,Ho Tran,https://www.facebook.com/groups/vieclamcnttdanangnew/posts/38100199739625381/,fresher,"RIKKEISOFT ĐÀ NẴNG ĐANG TÌM ĐỒNG ĐỘI! 
Bạn đang tìm kiếm một môi trường để bứt phá chuyên môn, làm dự án công nghệ thực tế và phát triển cùng những đồng đội giỏi?
Rikkeisoft Đà Nẵng đang mở nhiều vị trí dành cho cả Senior/Middle và các bạn trẻ có nền tảng tốt. 
 CÁC VỊ TRÍ ĐANG TUYỂN
 BrSE/PM – JP N...",https://www.facebook.com/groups/vieclamcnttdanangnew?locale=vi_VN,3 ngày,2026-09-14 13:38:05
17,Phạm Trâm,https://www.facebook.com/groups/vieclamcnttdanangnew/posts/38071368909175131/,"intern, fresher","[TUYỂN DỤNG MỞ RỘNG TEAM VỚI CÁC VỊ TRÍ TỪ INTERN ĐẾN SENIOR TẠI ĐÀ NẴNG]
|
 UI/UX Designer | Intern / Fresher / Junior
 Android DeveloperFresher / Junior
 Product Owner (PO)Fresher / Junior
 User Acquisition (UA)Junior / Senior
 Monetization (Monet)Junior / Senior
 72 Lê Đại Hành, phường Cẩm Lệ, Đà...",https://www.facebook.com/groups/vieclamcnttdanangnew?locale=vi_VN,4 ngày,2026-09-14 13:38:47
18,Nhok Kieumy,https://www.facebook.com/groups/vieclamcnttdanangnew/posts/38103458439299511/,fresher,[DN- HN] em cần gấp fresher IT comtor hoặc các bạn có tiếng Nhật tốt. Được làm dự án + tranning + benefits hấp dẫn. Ib ngay ạ,https://www.facebook.com/groups/vieclamcnttdanangnew?locale=vi_VN,,2026-09-14 13:39:05
19,Quang Nguyễn,https://www.facebook.com/groups/vieclamcnttdanangnew/posts/38101314906180531/,"fresher, đào tạo từ đầu","TUYỂN NHÂN VIÊN TRIỂN KHAI WEBSITE (FRESHER)
Solvia đang tìm bạn trẻ yêu thích việc dựng website nhanh, đẹp, đúng yêu cầu khách hàng bằng công cụ page builder trên nền tảng Joomla. Đây không phải vị trí lập trình viên (developer) — công việc chính là cấu hình, kéo-thả, tùy biến giao diện và nội dung...",https://www.facebook.com/groups/vieclamcnttdanangnew?locale=vi_VN,,2026-09-14 13:39:10
20,Ánh Phương Nguyễn,https://www.facebook.com/groups/vieclamcnttdn/posts/2877602105946898/,"thực tập, internship","INTERNSHIP 2026 – SOLUTION CONSULTANT
Bạn muốn bắt đầu sự nghiệp trong Công nghệ, SaaS & Chuyển đổi số?

 Bạn sẽ nhận được:
Thực tập 3 tháng, được đào tạo về SaaS, Digital Operations & No-code.
Trực tiếp tham gia phân tích và xây dựng giải pháp cho doanh nghiệp.
Trợ cấp 1.000.000đ/tháng.
Cơ hội trở ...",https://www.facebook.com/groups/vieclamcnttdn?locale=vi_VN,,2026-09-14 13:39:34
21,Quyền Thái Trương,https://www.facebook.com/groups/vieclamcnttdn/posts/2849958765377899/,không yêu cầu kinh nghiệm,"#Tuyểndụng
#Nhânviênkỹthuật
#Thựctậpsinh
#Họcviệc
1. Số lượng: 4
2. Mô tả công việc:
- Triển khai thi công hệ thống Điện - Nước - Điện nhẹ công trình.
3. Yêu cầu:
- Không yêu cầu kinh nghiệm.
- Ưu tiên ứng viên đã qua đào tạo về Điện - Điện tử - CNTT - Cấp thoát nước - Kỹ thuật ...
- Đã hoàn thành N...",https://www.facebook.com/groups/vieclamcnttdn?locale=vi_VN,3 tuần,2026-09-14 13:39:43
22,Huong Ha,https://www.facebook.com/groups/vieclamcnttdn/posts/2877154462658329/,fresher,"[Đà Nẵng] Công ty công nghệ SmartOSC - Tuyển dụng 02 vị trí Fresher
- Fresher Nodejs Developer
- Fresher AI Engineer
 Quyền lợi:
- Thời gian làm việc linh hoạt từ T2-T6.
- Được trợ cấp upto 6 triệu/tháng.
- Có cơ hội lên nhân viên chính thức sau 3 tháng, thu nhập 1x triệu gross
- Tham gia các dự án ...",https://www.facebook.com/groups/vieclamcnttdn?locale=vi_VN,15 giờ,2026-09-14 13:39:55
23,Quang Nguyễn,https://www.facebook.com/groups/vieclamcnttdn/posts/2877625875944521/,"fresher, đào tạo từ đầu","TUYỂN NHÂN VIÊN TRIỂN KHAI WEBSITE (FRESHER)
Solvia đang tìm bạn trẻ yêu thích việc dựng website nhanh, đẹp, đúng yêu cầu khách hàng bằng công cụ page builder trên nền tảng Joomla. Đây không phải vị trí lập trình viên (developer) — công việc chính là cấu hình, kéo-thả, tùy biến giao diện và nội dung...",https://www.facebook.com/groups/vieclamcnttdn?locale=vi_VN,,2026-09-14 13:40:22
24,Truc Ly,https://www.facebook.com/groups/vieclamcnttdn/posts/2877586715948437/,chưa có kinh nghiệm,"FPT TELECOM TUYỂN DỤNG
1. KỸ THUẬT ĐIỀU HÀNH
2. NHÂN VIÊN KỸ THUẬT TRIỂN KHAI VÀ BẢO TRÌ DỊCH VỤ VIỄN THÔNG
 Khu vực làm việc:
Đà Nẵng
Quảng Nam
 Thu nhập: 15 - 20 triệu/tháng
 MÔ TẢ CÔNG VIỆC
1.KỸ THUẬT ĐIỀU HÀNH
Điều phối, giám sát đội ngũ kỹ thuật triển khai và bảo trì dịch vụ viễn thông.
Lập kế ...",https://www.facebook.com/groups/vieclamcnttdn?locale=vi_VN,4 giờ,2026-09-14 13:40:25
25,PlayfulHeron9225,https://www.facebook.com/groups/vieclamcnttdn/posts/2876954032678372/,không yêu cầu kinh nghiệm,"TUYỂN NHÂN VIÊN SẢN XUẤT NỘI DUNG GAME
Team đang tìm kiếm 02 bạn nữ tham gia sản xuất nội dung game 
 CÔNG VIỆC
• Chơi game và quay lại quá trình chơi trên máy tính
• Xây dựng các câu chuyện trong game theo chủ đề được giao.
• Thực hiện nội dung theo hướng dẫn của team.
• Được training và hướng dẫn ...",https://www.facebook.com/groups/vieclamcnttdn?locale=vi_VN,18 giờ,2026-09-14 13:40:38
26,Viet Nguyen,https://www.facebook.com/groups/vieclamcnttdn/posts/2870747229965719/,"Thực tập sinh, thực tập, intern, fresher","[ITDRAGONS] TUYỂN DỤNG FULL-STACK JAVA DEVELOPER (INTERN / FRESHER / JUNIOR)
 Địa điểm: 127 Phạm Văn Xảo, P. Sơn Trà, Đà Nẵng
 Hình thức: Toàn thời gian (Full-time) / Thực tập sinh
 Thu nhập:
Intern: Hỗ trợ đào tạo (tối đa 3 tháng)
Fresher: 3-5 triệu (tối đa 3 tháng)
Junior: 7-11 triệu (2 tháng thử ...",https://www.facebook.com/groups/vieclamcnttdn?locale=vi_VN,6 ngày,2026-09-14 13:40:40
27,Hoài Linh,https://www.facebook.com/groups/vieclamcnttdn/posts/2874860459554396/,"thực tập, intern, internship","[BAP HUẾ] INTERN INTERNSHIP 2026
MỘT JOB INTERN - CƠ HỘI THÀNH BAPers SAU 2-3 THÁNG TRAINING NÈ
Chỉ cần các bạn là
Sinh viên năm 3,4 / đã tốt nghiệp các ngành thuộc khối công nghệ thông tin/ kinh tế/ ngoại ngữ hoặc liên quan
Cẩn thận, tỉ mỉ trong công việc
Năng động, ham học hỏi
Khả năng thích nghi ...",https://www.facebook.com/groups/vieclamcnttdn?locale=vi_VN,1 ngày,2026-09-14 13:41:09
28,CourteousGrape5233,https://www.facebook.com/groups/vieclamcnttdn/posts/2875978406109268/,fresher,"Có bác nào apply fresher dev bên vnpt it đà nẵng không ạ, cho mình hỏi các bác có mail pv chưa. Mình nộp 2 tuần r chưa có thông tin gì k biết fail không. Cảm ơn mn.",https://www.facebook.com/groups/vieclamcnttdn?locale=vi_VN,1 ngày,2026-09-14 13:41:14
29,Ngân Khánh,https://www.facebook.com/groups/vieclamcnttdn/posts/2871504489889993/,chưa có kinh nghiệm,"TUYỂN DỤNG UNITY DEVELOPER – GAME KIẾM THẾ MOBILE 2009
 Hình thức làm việc: Remote
 Dự án: Kiếm Thế Mobile – phiên bản Classic 2009
Chúng tôi đang tìm kiếm Unity Developer có kinh nghiệm thực tế với dòng game Kiếm Thế Mobile để đồng hành và phát triển dự án lâu dài.
 MÔ TẢ CÔNG VIỆC
* Cấu hình, vận ...",https://www.facebook.com/groups/vieclamcnttdn?locale=vi_VN,5 ngày,2026-09-14 13:41:26
30,阮氏 碧行,https://www.facebook.com/groups/vieclamcnttdn/posts/2875880666119042/,"Thực tập sinh, thực tập, tuyển thực tập, chưa có kinh nghiệm","[ĐÀ NẴNG] THE LEAD AGENCY TUYỂN THỰC TẬP SINH SOCIAL CONTENT
The Lead Agency đang tìm kiếm Thực tập sinh Social Content dành cho các bạn sinh viên năm 4/năm cuối muốn tích lũy kinh nghiệm thực tế trong lĩnh vực Content & Digital Marketing.
VỊ TRÍ: THỰC TẬP SINH SOCIAL CONTENT
Bộ phận: Marketing
Hình...",https://www.facebook.com/groups/vieclamcnttdn?locale=vi_VN,,2026-09-14 13:41:45
31,Huynh Truc Phuong,https://www.facebook.com/groups/vieclamcnttdn/posts/2875869312786844/,fresher,"HUMAN BRAIN GLOBAL - ĐÀ NẴNG
Đà Nẵng mưa gió thế này thay vì ra đường thì mọi người ở nhà tham khảo job và update CV, apply các job dưới đây của nhà HBG nha ạ:
 Scrum Master (Middle), 2+ yoe
 BrSE (Fresher), JLPT N2+
 IT Comtor (Middle), 2+ yoe, JLPT N2+
 Phúc lợi hấp dẫn + môi trường với nhiều dự á...",https://www.facebook.com/groups/vieclamcnttdn?locale=vi_VN,,2026-09-14 13:41:49
32,Nguyen Anh Dũng,https://www.facebook.com/groups/vieclamcnttdn/posts/2875660592807716/,"Thực tập sinh, thực tập, không yêu cầu kinh nghiệm","[ĐÀ NẴNG] Tuyển dụng việc làm Thực Tập Sinh (KHÔNG YÊU CẦU KINH NGHIỆM)
 MÔ TẢ CÔNG VIỆC
Hỗ trợ đăng tải nội dung trên các nền tảng mạng xã hội và website.
Hỗ trợ chụp hình, quay video sản phẩm cơ bản.
Đón tiếp và tư vấn khách hàng.
Hỗ trợ tiếp nhận, kiểm tra, phân loại và xử lý hàng hoá.
Giữ gìn vệ...",https://www.facebook.com/groups/vieclamcnttdn?locale=vi_VN,2 ngày,2026-09-14 13:41:58
33,Trần Chi,https://www.facebook.com/groups/vieclamcnttdn/posts/2874683632905412/,"internship, fresher","RIKKEI ĐÀ NẴNG ĐANG TUYỂN INTERNSHIP/FRESHER
Thời gian nhận CV: 11/9 - 18/9/2026
Rikkeisoft Đà Nẵng - 81 Quang Trung, Hải Châu, Đà Nẵng
Ứng Tuyển: https://forms.gle/AoeH31MZ2ogp79DU8
JD được đính kèm tại link ứng tuyển",https://www.facebook.com/groups/vieclamcnttdn?locale=vi_VN,3 ngày,2026-09-14 13:42:09
34,Thanh Trâm HR,https://www.facebook.com/groups/vieclamcnttdn/posts/2866594033714372/,không yêu cầu kinh nghiệm,"FPT SOFTWARE ĐÀ NẴNG TUYỂN 10 CTV XỬ LÝ ẢNH

 Làm việc tại FPT Massda – Sơn Trà, Đà Nẵng| OB đầu tháng 10

 Không yêu cầu kinh nghiệm – nếu bạn thao tác máy tính tốt và muốn tìm một công việc ổn định, apply ngay nhé!


 Công việc:
• Gắn nhãn, đóng khung, tô màu, chấm điểm đối tượng trên hình ảnh
• X...",https://www.facebook.com/groups/vieclamcnttdn?locale=vi_VN,1 tuần,2026-09-14 13:42:12
35,Hậu Lê,https://www.facebook.com/groups/vieclamcnttdn/posts/2873810476326061/,fresher,"[AVEPOINT] CHIÊU MỘ FRESHER- JUNIOR IT, THỬ VIỆC, BHXH FULL LƯƠNG
Bạn đang tìm kiếm một môi trường global, chuyên nghiệp, có nhiều cơ hội phát triển và phúc lợi tốt, tham khảo ngay các vị trí đến từ AvePoint Hà Nội/ Đà Nẵng và Hồ Chí Minh ngay thôi!


 CÁC VỊ TRÍ ĐANG TUYỂN

 IT Engineer (IT Infrast...",https://www.facebook.com/groups/vieclamcnttdn?locale=vi_VN,2 ngày,2026-09-14 13:42:18
36,NiftyCrocodile8241,https://www.facebook.com/groups/vieclamcnttdn/posts/2826506331056476/,"thực tập, fresher","Chào mọi người, em là sinh viên ĐTVT đại học Bách Khoa Đà Nẵng. Hiện em đang chờ bằng và có mong muốn được apply vào vị trí fresher hardware design. Em đã có kinh nghiệm thức tập 6 tháng ở dự án R&D với vị trí embedded software, được tham gia thiết kế schematic, layout pcb cũng như phát triển firmwa...",https://www.facebook.com/groups/vieclamcnttdn?locale=vi_VN,2 ngày,2026-09-14 13:42:45
37,Nhà đất Liên Chiểu- Đà Nẵng,https://www.facebook.com/groups/1261520704501124/posts/2070619126924607/,chưa có kinh nghiệm,"TEAM LY MỞ RỘNG ĐỘI NGŨ – BẤT ĐỘNG SẢN MIỀN TRUNG 
 Cơ hội dành cho ACE muốn bước vào nghề BĐS, nâng cao thu nhập và phát triển lâu dài!
 TEAM LY ĐANG TUYỂN:
 Chuyên viên Sale BĐS
 Cộng tác viên
 Trợ lý tuyển dụng
 Trưởng phòng
 Đầu chủ
 VỀ TEAM LY, ACE ĐƯỢC:
 Đào tạo & cầm tay chỉ việc thực tế
 Hỗ ...",https://www.facebook.com/groups/1261520704501124?locale=vi_VN,,2026-09-14 13:44:08
38,Hương Thanh,https://www.facebook.com/groups/1261520704501124/posts/2070510786935441/,intern,"ZAUBERBERG LAB | OPEN POSITION: INFLUENCER MARKETING INTERN 
Bạn muốn thử sức với Marketing quốc tế và làm việc trực tiếp với các Creator trên toàn cầu?
 Về Zauberberg Lab
Zauberberg Lab là đội ngũ đứng sau CollaNote – ứng dụng ghi chú hàng đầu trên iPad cùng nhiều sản phẩm giáo dục sáng tạo khác.
C...",https://www.facebook.com/groups/1261520704501124?locale=vi_VN,,2026-09-14 13:44:17
39,Hương Thanh,https://www.facebook.com/groups/1261520704501124/posts/2070510500268803/,intern,"ZAUBERBERG LAB | OPEN POSITION: INFLUENCER MARKETING INTERN 
Bạn muốn thử sức với Marketing quốc tế và làm việc trực tiếp với các Creator trên toàn cầu?
 Về Zauberberg Lab
Zauberberg Lab là đội ngũ đứng sau CollaNote – ứng dụng ghi chú hàng đầu trên iPad cùng nhiều sản phẩm giáo dục sáng tạo khác.
C...",https://www.facebook.com/groups/1261520704501124?locale=vi_VN,,2026-09-14 13:44:21
40,Phạm Trâm,https://www.facebook.com/groups/1261520704501124/posts/2069579063695280/,"intern, fresher","[TUYỂN DỤNG MỞ RỘNG TEAM VỚI CÁC VỊ TRÍ TỪ INTERN ĐẾN SENIOR TẠI ĐÀ NẴNG]
|
 UI/UX Designer | Intern / Fresher / Junior
 Android DeveloperFresher / Junior
 Product Owner (PO)Fresher / Junior
 User Acquisition (UA)Junior / Senior
 Monetization (Monet)Junior / Senior
 : 72 Lê Đại Hành, phường Cẩm Lệ, ...",https://www.facebook.com/groups/1261520704501124?locale=vi_VN,,2026-09-14 13:45:37
41,Hương Thanh,https://www.facebook.com/groups/1261520704501124/posts/2068790500440803/,intern,"ZAUBERBERG LAB | TUYỂN DỤNG MARKETING INTERN 
Global Product | Làm việc tại Đà Nẵng 
 Về Zauberberg Lab
Zauberberg Lab là đội ngũ phát triển CollaNote - ứng dụng ghi chú trên iPad được Apple vinh danh tại hạng mục “Big App from Small Team”.
Hiện ZLab đang mở rộng team Marketing tại Đà Nẵng, tìm kiếm...",https://www.facebook.com/groups/1261520704501124?locale=vi_VN,,2026-09-14 13:46:15
42,Huỳnh Thị Hiếu,https://www.facebook.com/groups/1261520704501124/posts/2068040550515798/,"chưa có kinh nghiệm, không yêu cầu kinh nghiệm, đào tạo từ đầu","HỌC CNTT 4 NĂM, RA TRƯỜNG… VẪN CHƯA TÌM ĐƯỢC JOB ĐÚNG NGÀNH?

 Ở Đà Nẵng, nếu đang loay hoay tìm việc và bắt đầu nghĩ đến một công việc trái ngành, thì đừng vội nghĩ đó là bước lùi.
 Bạn có thể không trở thành lập trình viên, nhưng những kỹ năng bạn có từ CNTT vẫn là lợi thế khi bước sang lĩnh vực K...",https://www.facebook.com/groups/1261520704501124?locale=vi_VN,6 ngày,2026-09-14 13:46:47
43,Huỳnh Thị Hiếu,https://www.facebook.com/groups/1261520704501124/posts/2068033370516516/,"chưa có kinh nghiệm, không yêu cầu kinh nghiệm, đào tạo từ đầu","HỌC CNTT 4 NĂM, RA TRƯỜNG… VẪN CHƯA TÌM ĐƯỢC JOB ĐÚNG NGÀNH?

 Ở Đà Nẵng, nếu đang loay hoay tìm việc và bắt đầu nghĩ đến một công việc trái ngành, thì đừng vội nghĩ đó là bước lùi.
 Bạn có thể không trở thành lập trình viên, nhưng những kỹ năng bạn có từ CNTT vẫn là lợi thế khi bước sang lĩnh vực K...",https://www.facebook.com/groups/1261520704501124?locale=vi_VN,6 ngày,2026-09-14 13:46:50
44,Test Hyperlink Author,https://www.facebook.com/groups/1261520704501124/posts/2068603323792854/,intern,Kiểm tra tính năng tự động tạo Hyperlink có thể bấm click trực tiếp.,https://www.facebook.com/groups/1261520704501124,"Thứ Hai, 14 Tháng 9, 2026",2026-09-14 14:41:00